ARMANI EXCHANGE;ARMANI EXCHANGE Очки Солнцезащитные 0AX2012S - 60581362;УТ000021085;AX2012S - 60581362	
ARMANI EXCHANGE;ARMANI EXCHANGE Очки Солнцезащитные 0AX2012S - 60638162;УТ000017775;AX2012S - 60638162	
ARMANI EXCHANGE;ARMANI EXCHANGE Очки Солнцезащитные 0AX2029S - 606371 60;УТ000013767;AX2029S - 606371 60	
ARMANI EXCHANGE;ARMANI EXCHANGE Очки Солнцезащитные 0AX2030S - 60638764;УТ000021087;AX2030S - 606387 64	
ARMANI EXCHANGE;ARMANI EXCHANGE Очки Солнцезащитные 056;УТ000021088;ARMANI EXCHANGE 56	
ARMANI EXCHANGE;ARMANI EXCHANGE Очки Солнцезащитные 0AX4073S - 82504Z 63;УТ000013768;AX4073S - 82504Z 63	
ARMANI EXCHANGE;ARMANI EXCHANGE Очки Солнцезащитные 0AX4080S - 80786G 57;УТ000013775;AX4080S - 80786G 57	
ARMANI EXCHANGE;ARMANI EXCHANGE Очки Солнцезащитные 0AX4083S - 80296G54;УТ000015855;AX4083S - 80296G 54	
ARMANI EXCHANGE;ARMANI EXCHANGE Очки Солнцезащитные 0AX4084S - 805281 60;УТ000014435;AX4084S - 805281 60	
ARMANI EXCHANGE;ARMANI EXCHANGE Очки Солнцезащитные 0AX4086S - 82241353;УТ000014967;AX4086S - 822413 53	
ARMANI EXCHANGE;ARMANI EXCHANGE Очки Солнцезащитные 0AX4086S - 82404Z53;УТ000016767;AX4086S - 82404Z 53	
ARMANI EXCHANGE;ARMANI EXCHANGE Очки Солнцезащитные 0AX4087S - 80371349;УТ000021089;AX4087S - 803713 49	
ARMANI EXCHANGE;ARMANI EXCHANGE Очки Солнцезащитные 0AX4094S - 81588G54;УТ000021090;AX4094S - 81588G 54