Корневая;Подкатегория 1;Подкатегория 2;Артикул;Название товара;Краткое описание;Полное описание;Изображения;Параметр: Бренд;Свойство: Пол;Свойство: В наличии;Цена продажи
Солнцезащитные очки;;;УТ000021085;ARMANI EXCHANGE;Стильные солнцезащитные очки ARMANI EXCHANGE;Стильные солнцезащитные очки ARMANI EXCHANGE;https://www.trendyol.com/Assets/ProductImages/oa/89/3449523/4/8053672283464_1_org_zoom.jpg https://cdn.cimri.io/image/1000x1000/armaniexchangeaxserkekgnegzl_161894503.jpg https://mcdn01.gittigidiyor.net/48377/483775876_0.jpg https://images-na.ssl-images-amazon.com/images/I/31weLCJvyKL._AC_SY400_.jpg https://www.trendyol.com/Assets/ProductImages/oa/89/3449523/4/8053672283464_4_org_zoom.jpg https://productimages.hepsiburada.net/s/20/600/9882430439474.jpg https://productimages.hepsiburada.net/s/28/600/10231489691698.jpg https://mcdn01.gittigidiyor.net/54723/tn30/547237478_tn30_0.jpg?158660 https://productimages.hepsiburada.net/s/28/600/10231489495090.jpg https://www.trendyol.com/Assets/ProductImages/oa/89/3449523/4/8053672283464_3_org_zoom.jpg https://productimages.hepsiburada.net/s/28/600/10231489626162.jpg;ARMANI EXCHANGE;Унисекс;В Наличии;nul
Солнцезащитные очки;;;УТ000017775;ARMANI EXCHANGE;Стильные солнцезащитные очки ARMANI EXCHANGE;Стильные солнцезащитные очки ARMANI EXCHANGE;https://cdn.elkor.lv/media/catalog/product/cache/0/image/9df78eab33525d08d6e5fb8d27136e95/a/x/ax2012s_60638162.png.jpg https://comsee.co.il/media/catalog/product/cache/5/image/9df78eab33525d08d6e5fb8d27136e95/0/a/0ax2012s__606381_300a.jpg https://comsee.co.il/media/catalog/product/cache/5/image/1800x/040ec09b1e35df139433887a97daa66f/0/a/0ax2012s__606381_000a.jpg https://www.framesdirect.com/product_elarge_images/armani-exchange-sun-AX2012S-60066G.jpg https://di2ponv0v5otw.cloudfront.net/posts/2019/01/16/5c3fa1d90e3b8681d40b6dbf/s_5c3fa1db2e14782b2494671f.jpeg https://di2ponv0v5otw.cloudfront.net/posts/2019/01/16/5c3fa1d90e3b8681d40b6dbf/m_5c3fa1dcbaebf6463c05c9e5.jpeg https://www.armaniexchange.com/46/46674805UO_11_f.jpg https://di2ponv0v5otw.cloudfront.net/posts/2019/01/16/5c3fa1d90e3b8681d40b6dbf/s_5c3fa1db2e1478d539946722.jpeg https://www.armaniexchange.com/46/46699036WX_11_f.jpg https://comsee.co.il/media/catalog/product/cache/5/small_image/389x219/9df78eab33525d08d6e5fb8d27136e95/0/r/0rb4340__601_330a.jpg https://di2ponv0v5otw.cloudfront.net/posts/2020/04/16/5e990c5e3cda88f3089a5f17/s_5e990c773bad6da1770b9dcb.jpg;ARMANI EXCHANGE;Унисекс;В Наличии;nul
Солнцезащитные очки;;;УТ000013767;ARMANI EXCHANGE;Стильные солнцезащитные очки ARMANI EXCHANGE;Стильные солнцезащитные очки ARMANI EXCHANGE;https://otticashop.gr/media/catalog/product/cache/2/image/1800x/040ec09b1e35df139433887a97daa66f/a/x/ax2029s_611281-1.jpg https://otticashop.gr/media/catalog/product/cache/2/image/800x400/9df78eab33525d08d6e5fb8d27136e95/a/x/ax2029s_606371-1.jpg https://www.sunsvision.com/media/catalog/product/cache/1/image/9df78eab33525d08d6e5fb8d27136e95/f/d/fd35358dbe5c9f7350d778cd7b3bc7dc3c86474ea13ecd140b5175c503e20053.jpg https://visioncenter.fbitsstatic.net/img/p/armani-exchange-ax2029s-606371-60-preto-verde-136039/424311.jpg?w https://i.ebayimg.com/images/g/A5EAAOSwyVdeLf9R/s-l400.jpg https://sun-glasses.gr/image/cache/data/sunglasses/FromSkroutz/gialia-hliou-Armani-Exchange-AX2029S-606371-60-500x500.jpg https://i.ebayimg.com/images/g/c24AAOSwSdleQj~q/s-l300.jpg https://do6sydhp1s299.cloudfront.net/web/files/collections/5e60bbf5a25a87.01532794.jpg https://images-americanas.b2w.io/produtos/01/00/oferta/74261/9/74261958_1GG.jpg https://i.ebayimg.com/images/g/NzEAAOSw9-JeR0X5/s-l640.jpg https://visioncenter.fbitsstatic.net/img/p/armani-exchange-ax2029s-606371-60-preto-verde-136039/424311-3.jpg?w;ARMANI EXCHANGE;Унисекс;В Наличии;nul
Солнцезащитные очки;;;УТ000021087;ARMANI EXCHANGE;Стильные солнцезащитные очки ARMANI EXCHANGE;Стильные солнцезащитные очки ARMANI EXCHANGE;https://www.sunsvision.com/media/catalog/product/cache/1/image/9df78eab33525d08d6e5fb8d27136e95/6/0/60ef03b8db5753d78875ba1187016c42bec306538b74ab3bfbd9777f5cf99870.jpg https://www.sunsvision.com/media/catalog/product/cache/1/image/9df78eab33525d08d6e5fb8d27136e95/1/4/141e344e7e81b234664fa975627f15684ef08a65034286eaf0c4095f4b1d7041.jpg https://sunction.store/image/cache/catalog/p/0AX/0AX2030S/606387/0AX2030S__606387_1780x890-576x268.jpg https://otticashop.gr/media/catalog/product/cache/2/image/800x800/9df78eab33525d08d6e5fb8d27136e95/a/x/ax2030s__606387_1.jpg https://otticashop.gr/media/catalog/product/cache/2/image/1800x/040ec09b1e35df139433887a97daa66f/a/x/ax2030s__606387.jpg https://www.sunsvision.com/media/catalog/product/cache/1/image/9df78eab33525d08d6e5fb8d27136e95/4/7/47cb7ccf980a1f1e8def1e2e475c40d0435f02a6528a6dbb568fc42960d0997a.jpg https://www.otticoptic.gr/wp-content/uploads/2020/03/Armani-Exchange-AX2030S-606387-64.jpg https://otticashop.gr/media/catalog/product/cache/2/image/1800x/040ec09b1e35df139433887a97daa66f/a/x/ax2030s__606387_2.jpg https://static3.tcdn.com.br/img/img_prod/453173/oculos_sol_armani_exchange_ax2030s_606387_64_preto_fosco_lente_cinza_18653_2_20190603093752.jpg https://i.ebayimg.com/images/g/Tq8AAOSwZedeISUA/s-l400.jpg https://imgcentauro-a.akamaihd.net/500x500/M04P2S02/oculos-de-sol-armani-exchange-ax2030s-606387-64-unissex-img.jpg;ARMANI EXCHANGE;Унисекс;В Наличии;nul
Солнцезащитные очки;;;УТ000021088;ARMANI EXCHANGE;Стильные солнцезащитные очки ARMANI EXCHANGE;Стильные солнцезащитные очки ARMANI EXCHANGE;https://images-na.ssl-images-amazon.com/images/I/5175MAnmJkL._UX679_.jpg https://www.lensmaster.ru/upload/iblock/a8d/a8d72da310229c083bad6e6fc326d3cf.jpg https://www.lensmaster.ru/upload/iblock/d98/d98096c4408ccbdd4f916367635208f6.jpg https://www.optic-city.ru/image/cache/rss/1/8/6/3/2/1/7/item_1863217/1863217_5-810x540.jpg https://i.ebayimg.com/images/g/lIwAAOSw9flej7fc/s-l640.jpg https://www.armaniexchange.com/46/46636856hg_13_f.jpg https://www.lensmaster.ru/upload/iblock/96c/96cc787306fef009f06452c459dd088c.jpg https://s7d3.scene7.com/is/image/LuxotticaRetail/8053672283532_030A?$PDPSetMob$ https://images-na.ssl-images-amazon.com/images/I/514oh0%2BFfBL._UX679_.jpg https://cdn.exxeselection.com/armani-exchange-sunglasses-0ax4045s-817871-56-105543-40-B.jpg https://i.pinimg.com/originals/8e/20/ec/8e20ec54e1997f441756a236ee4c9034.jpg;ARMANI EXCHANGE;Унисекс;В Наличии;nul
Солнцезащитные очки;;;УТ000013768;ARMANI EXCHANGE;Стильные солнцезащитные очки ARMANI EXCHANGE;Стильные солнцезащитные очки ARMANI EXCHANGE;https://www.sunsvision.com/media/catalog/product/cache/1/image/9df78eab33525d08d6e5fb8d27136e95/6/2/6203d3dc889def82a22f034b3f262c8698fe5a6b619ddffb1f12e8569ffa851d.jpg https://sunction.store/image/cache/catalog/p/0AX/0AX4073S/82504Z/0AX4073S__82504Z_890x445-576x268.png https://images-americanas.b2w.io/produtos/01/00/img/46573/1/46573116_2GG.jpg https://sunction.store/image/cache/catalog/p/0AX/0AX4073S/82504Z/360/0AX4073S__82504Z_000A-576x268.png https://op2.0ps.us/original/opplanet-armani-exchange-ax4073s-sunglasses-80298z-63-matte-havana-frame-lght-brwn-mirror-silvr-grdient-lenses https://i1.go-optic.com/w900%7Ch600%7Cf/ArmaniExchange_AX4073S_80786G.jpg https://images-na.ssl-images-amazon.com/images/I/81Z6LDengIL._UX569_.jpg https://images-na.ssl-images-amazon.com/images/I/515Tj7o4CpL._AC_SX679_.jpg https://s.optikshop.com.tr/image/cache/catalog/gunes/exchange-armani/0AX4073S/0AX4073S__82504Z_000A-688x344.jpg https://www.sunsvision.com/media/catalog/product/cache/1/image/9df78eab33525d08d6e5fb8d27136e95/7/2/723d45b6c6cc67350fac654a0d32c2f2ed0926a82c66786b54f1d69bb17e5a38.jpg https://sunction.store/image/cache/catalog/p/0AX/0AX4073S/82504Z/360/0AX4073S__82504Z_270A-576x268.png;ARMANI EXCHANGE;Унисекс;В Наличии;nul
Солнцезащитные очки;;;УТ000013775;ARMANI EXCHANGE;Стильные солнцезащитные очки ARMANI EXCHANGE;Стильные солнцезащитные очки ARMANI EXCHANGE;https://otticashop.gr/media/catalog/product/cache/2/image/800x336.30573248408/9df78eab33525d08d6e5fb8d27136e95/a/x/ax4080s_80786g.jpg https://i.ebayimg.com/images/g/udMAAOSwtpFck7CK/s-l400.jpg https://www.sunsvision.com/media/catalog/product/cache/1/image/9df78eab33525d08d6e5fb8d27136e95/3/9/397e8e86c30c802c4962f8f7205af493cc960f567c5b474f512710140a396f12.jpg https://i.ebayimg.com/images/g/aAIAAOSwhDJeInZA/s-l400.jpg https://www.sunsvision.com/media/catalog/product/cache/1/image/9df78eab33525d08d6e5fb8d27136e95/3/c/3cb1ab986aef807d50939678ab2d1afd865f43b0f7e698f5fbf8baf6aafed36b.jpg https://static3.tcdn.com.br/img/img_prod/453173/oculos_sol_armani_exchange_ax4080s_80786g_57_preto_fosco_lente_cinza_16453_1_20181019074712.jpg https://www.sunsvision.com/media/catalog/product/cache/1/thumbnail/360x180/9df78eab33525d08d6e5fb8d27136e95/8/5/85232c866d64a1ddb64dcf2d29e40af2cf7170fb134205a4ad6ac4b56e1e96d2.jpg https://www.armaniexchange.com/46/46617651wa_10_a.jpg https://www.sunsvision.com/media/catalog/product/cache/1/image/9df78eab33525d08d6e5fb8d27136e95/e/6/e6911bf707befcd91e1173a84c1c7bf033498f4f840e3e514b867eb06a5631e6.jpg https://otticashop.gr/media/catalog/product/cache/2/image/800x336.30573248408/9df78eab33525d08d6e5fb8d27136e95/a/x/ax4080s_82786g-1.jpg https://sun-glasses.gr/image/cache/data/sunglasses/FromSkroutz/gialia-hliou-Armani-Exchange-AX4080S-80786G-57-500x500.jpg;ARMANI EXCHANGE;Унисекс;В Наличии;nul
Солнцезащитные очки;;;УТ000015855;ARMANI EXCHANGE;Стильные солнцезащитные очки ARMANI EXCHANGE;Стильные солнцезащитные очки ARMANI EXCHANGE;https://sunction.store/image/cache/catalog/p/0AX/0AX4083S/80296G/0AX4083S__80296G_890x445-576x268.png https://www.sunsvision.com/media/catalog/product/cache/1/image/9df78eab33525d08d6e5fb8d27136e95/d/9/d9f0b1905b35e7551da1e35cd7b0007e6e0aa35dc2a573762f234bc1a92ab01b.jpg https://ew1.0ps.us/200-200-ffffff/opplanet-armani-exchange-ax4083s-sunglasses-80296g-54-black-frame-light-grey-mirror-black-lenses-main.jpg https://images-na.ssl-images-amazon.com/images/I/513k%2BrQPUGL._AC_UL1500_.jpg https://www.sunsvision.com/media/catalog/product/cache/1/image/9df78eab33525d08d6e5fb8d27136e95/0/2/022f7310ac7e5cb6ec69256b38ab839c60791627afa574f9430836158d946a36.jpg https://gulfoptic.com/wp-content/uploads/2020/02/SAEXAX4083SC80296G54-600x600.jpg https://masterglasses.ru/catalog_imgs/item_tms/tm_96935.jpg https://ew2.0ps.us/260-260-ffffff/opplanet-armani-exchange-ax4083s-sunglasses-803713-54-havana-frame-brown-gradient-lenses-main.jpg https://images-na.ssl-images-amazon.com/images/I/51lEyyrH7TL._AC_UL1500_.jpg https://sunction.store/image/cache/catalog/p/0AX/0AX4083S/80296G/360/0AX4083S__80296G_270A-576x268.png https://cdn.shopify.com/s/files/1/1369/2013/products/0AX4083S__82691T_890x445_0c5a2980-2418-4ff4-ba19-1652a927a342.jpg?v;ARMANI EXCHANGE;Унисекс;В Наличии;nul
Солнцезащитные очки;;;УТ000014435;ARMANI EXCHANGE;Стильные солнцезащитные очки ARMANI EXCHANGE;Стильные солнцезащитные очки ARMANI EXCHANGE;https://otticashop.gr/media/catalog/product/cache/2/image/800x400/9df78eab33525d08d6e5fb8d27136e95/a/x/ax4084s_805281.jpg https://www.sunsvision.com/media/catalog/product/cache/1/image/9df78eab33525d08d6e5fb8d27136e95/f/d/fdb6a7912d1b4fd8064a3a67654f036962efd94ce4ab91664f7ee2adeda81394.jpg https://www.sunsvision.com/media/catalog/product/cache/1/image/9df78eab33525d08d6e5fb8d27136e95/a/2/a213bbeff8b7de89b9e8de0b5e8f18a15dc057f33499639c46affc1e84caf2dd.jpg https://www.avramisoptics.gr/media/catalog/product/cache/2/image/9df78eab33525d08d6e5fb8d27136e95/1/1/1195364.jpg https://odakoptik.com.tr/wp-content/uploads/2019/06/AX4084S-805281-2.jpg https://www.sunsvision.com/media/catalog/product/cache/1/image/9df78eab33525d08d6e5fb8d27136e95/4/5/4501e64d855805ec20f10020b365b8a5dbe5dab0d757dbc3eec1ca7eae29e8db.jpg https://www.avramisoptics.gr/media/catalog/product/cache/2/image/9df78eab33525d08d6e5fb8d27136e95/1/1/1195364_2.jpg https://sunction.store/image/cache/catalog/p/0AX/0AX4084S/805281/360/0AX4084S__805281_270A-576x268.png https://s.sdgcdn.com/7/2020/03/368c411d7dd0abb72e39eca1bff5255c08e1c6f2_img_004-600x600.jpg https://www.avramisoptics.gr/media/catalog/product/cache/2/image/9df78eab33525d08d6e5fb8d27136e95/1/1/1195364_3.jpg https://www.sunsvision.com/media/catalog/product/cache/1/image/9df78eab33525d08d6e5fb8d27136e95/3/0/306bc3c9d3858841fa8daa8bd225da6ee11cabaa1af03b5b5b47d881b573566a.jpg;ARMANI EXCHANGE;Унисекс;В Наличии;nul
Солнцезащитные очки;;;УТ000014967;ARMANI EXCHANGE;Стильные солнцезащитные очки ARMANI EXCHANGE;Стильные солнцезащитные очки ARMANI EXCHANGE;https://sunction.store/image/cache/catalog/p/0AX/0AX4086S/822413/360/0AX4086S__822413_000A-576x268.png https://www.sunsvision.com/media/catalog/product/cache/1/image/9df78eab33525d08d6e5fb8d27136e95/f/3/f36b7e93ace6f68fdd34c8a2c61ec71cc600d9d71ea0b8e3682e9fa7101d483e.jpg https://sunction.store/image/cache/catalog/p/0AX/0AX4086S/822413/360/0AX4086S__822413_270A-576x268.png https://a-static.mlcdn.com.br/618x463/oculos-de-sol-armani-exchange-ax4086s-822413-53-tartaruga-preto/compreoculos/0ax4086s82241353-1/7e285928ee92a6ea437a42b42c937c5f.jpg https://i1.go-optic.com/w900%7Ch600%7Cf/ArmaniExchange_AX4086S_81588G.jpg https://static3.tcdn.com.br/img/img_prod/453173/oculos_sol_armani_exchange_ax4086s_822413_53_marrom_havana_lente_marrom_degrade_17913_4_20190328110203.jpg https://image-tool.eotica.com.br/?d https://visioncenter.fbitsstatic.net/img/p/armani-exchange-ax4086s-822413-53-tartaruga-marrom-gradiente-135684/423775.jpg?w https://a-static.mlcdn.com.br/1500x1500/oculos-de-sol-armani-exchange-ax4086s-822413-53-tartaruga-preto/compreoculos/0ax4086s82241353-1/7e285928ee92a6ea437a42b42c937c5f.jpg https://www.sunsvision.com/media/catalog/product/cache/1/image/9df78eab33525d08d6e5fb8d27136e95/f/9/f92331b2019480d82a161d5a99a44118c5645831af764c1771b323a87343efd0.jpg https://image-tool.eotica.com.br/?d;ARMANI EXCHANGE;Унисекс;В Наличии;nul
Солнцезащитные очки;;;УТ000016767;ARMANI EXCHANGE;Стильные солнцезащитные очки ARMANI EXCHANGE;Стильные солнцезащитные очки ARMANI EXCHANGE;https://s7d9.scene7.com/is/image/TargetOptical/7895653176263_noshad_fr?$340wJPG$ https://sunction.store/image/cache/catalog/p/0AX/0AX4086S/82404Z/0AX4086S__82404Z_890x445-576x268.png https://s.optikshop.com.tr/image/cache/catalog/gunes/exchange-armani/0AX4086S/0AX4086S__82404Z_270A-686x343.jpg https://www.netoptik.ru/image/cache/catalog/ARMANI%20EXCHANGE%20cz/armani-exchange-ax4086s-82404z-s2-1%20(11)-1000x1000.jpg https://i.ebayimg.com/images/g/qJYAAOSw7oBeInZD/s-l400.jpg https://i1.go-optic.com/w900%7Ch600%7Cf/ArmaniExchange_AX4086S_82866J.jpg https://image-tool.eotica.com.br/?d https://cdn.shopify.com/s/files/1/1369/2013/products/0AX4086S__81588G_890x445_d62daded-6a79-44db-90bd-6e00ce78535f_2000x.jpg?v https://www.sunsvision.com/media/catalog/product/cache/1/image/9df78eab33525d08d6e5fb8d27136e95/f/8/f8ace8ae00d71d8d8386edee04e0868f7a49584ca3a3c9bf8a2d6fc82e41f2f5.jpg https://www.netoptik.ru/image/cache/catalog/ARMANI%20EXCHANGE%20cz/armani-exchange-ax4086s-82404z-s2-2%20(10)-1000x1000.jpg https://cdn.shopify.com/s/files/1/1369/2013/products/0AX4086S__82396G_890x445_1b94c2b7-1409-4b2f-84b9-cac1d9d44c31.jpg?v;ARMANI EXCHANGE;Унисекс;В Наличии;nul
Солнцезащитные очки;;;УТ000021089;ARMANI EXCHANGE;Стильные солнцезащитные очки ARMANI EXCHANGE;Стильные солнцезащитные очки ARMANI EXCHANGE;https://masterglasses.ru/catalog_imgs/very_big/img_116560.jpg https://masterglasses.ru/catalog_imgs/item_tms/tm_116561.jpg https://sunction.store/image/cache/catalog/p/0AX/0AX4087S/803713/360/0AX4087S__803713_000A-576x268.jpg https://www.sunsvision.com/media/catalog/product/cache/1/image/9df78eab33525d08d6e5fb8d27136e95/d/d/dd82b269435a3aefd3eb41dc45c798a02bee5e47ac0cca67aed69172151ecab1.jpg https://sunction.store/image/cache/catalog/p/0AX/0AX4087S/803713/360/0AX4087S__803713_270A-576x268.jpg https://imgcentauro-a.akamaihd.net/500x500/M04P3C15/oculos-de-sol-armani-exchange-ax4087s-803713-49-unissex-img.jpg https://i.ebayimg.com/images/g/gQ8AAOSw5nJdywvA/s-l300.png https://i1.go-optic.com/w900%7Ch600%7Cf/ArmaniExchange_AX4087S_82926X.jpg https://www.sunsvision.com/media/catalog/product/cache/1/image/9df78eab33525d08d6e5fb8d27136e95/9/3/937bfcb3d1cbb9513ec1c828521faaec274caf579f851fb350300a547b0654f8.jpg https://masterglasses.ru/catalog_imgs/item_tms/tm_116562.jpg https://www.oticacardoso.com.br/media/catalog/product/cache/1/image/9df78eab33525d08d6e5fb8d27136e95/d/s/dsc_0007_30.jpg;ARMANI EXCHANGE;Унисекс;В Наличии;nul
Солнцезащитные очки;;;УТ000021090;ARMANI EXCHANGE;Стильные солнцезащитные очки ARMANI EXCHANGE;Стильные солнцезащитные очки ARMANI EXCHANGE;https://www.sunsvision.com/media/catalog/product/cache/1/image/9df78eab33525d08d6e5fb8d27136e95/c/5/c5c55951332497a17334c88baf14c10734bd18b0f70f3123a58b64b5b84e10b4.jpg https://i1.go-optic.com/w900%7Ch600%7Cf/Armani-Exch_AX4094S_81588G.jpg https://www.sunsvision.com/media/catalog/product/cache/1/image/9df78eab33525d08d6e5fb8d27136e95/5/3/53fae3b53ef2042c0150cff9c668c660f2ee9cdb0f48f30ad9ebfa87696334fd.jpg https://www.sunsvision.com/media/catalog/product/cache/1/image/9df78eab33525d08d6e5fb8d27136e95/a/5/a5bb64554ed5b2e330c819304204e70917e2225b6717a130dfebb27b2d4227dc.jpg https://static3.tcdn.com.br/img/img_prod/453173/oculos_sol_armani_exchange_ax4094s_81588g_54_preto_brilho_lente_cinza_degrade_20745_3_20191016125708.jpg https://a-static.mlcdn.com.br/1500x1500/oculos-de-sol-armani-exchange-ax4094s-81588g-54-preto/compreoculos/0ax4094s81588g54-1/1a6ef80e174d85cdef16b2f8c3cf8775.jpg https://otticashop.gr/media/catalog/product/cache/2/small_image/280x230/9df78eab33525d08d6e5fb8d27136e95/a/x/ax4094s_81588g.jpg https://i1.go-optic.com/w900%7Ch600%7Cf/Armani-Exch_AX4094S_83027B.jpg https://www.oticacardoso.com.br/media/catalog/product/cache/1/image/9df78eab33525d08d6e5fb8d27136e95/d/s/dsc_0123_15.jpg https://do6sydhp1s299.cloudfront.net/web/files/collections/5d96e422562cd2.20506574.jpg https://www.glassesonweb.com/general/img/lg/201910/1ccaacf9-e738-11e9-8d52-14cbc05d93c8.jpg;ARMANI EXCHANGE;Унисекс;В Наличии;nul
